"address_id","address","address2","district","city_id","postal_code","phone","last_update"
"1","47 MySakila Drive","null"," ","300","null"," ","2021-03-06 15:51:54"
"2","28 MySQL Boulevard","null"," ","576","null"," ","2021-03-06 15:51:54"
"3","23 Workhaven Lane","null"," ","300","null"," ","2021-03-06 15:51:54"
"4","1411 Lillydale Drive","null"," ","576","null"," ","2021-03-06 15:51:54"
"5","1913 Hanoi Way","null"," ","463","35200"," ","2021-03-06 15:51:54"
"6","1121 Loja Avenue","null"," ","449","17886"," ","2021-03-06 15:51:54"
"7","692 Joliet Street","null"," ","38","83579"," ","2021-03-06 15:51:54"
"8","1566 Inegl Manor","null"," ","349","53561"," ","2021-03-06 15:51:54"
"9","53 Idfu Parkway","null"," ","361","42399"," ","2021-03-06 15:51:54"
"10","1795 Santiago de Compostela Way","null"," ","295","18743"," ","2021-03-06 15:51:54"
"11","900 Santiago de Compostela Parkway","null"," ","280","93896"," ","2021-03-06 15:51:54"
"12","478 Joliet Way","null"," ","200","77948"," ","2021-03-06 15:51:54"
"13","613 Korolev Drive","null"," ","329","45844"," ","2021-03-06 15:51:54"
"14","1531 Sal Drive","null"," ","162","53628"," ","2021-03-06 15:51:54"
"15","1542 Tarlac Parkway","null"," ","440","1027"," ","2021-03-06 15:51:54"
"16","808 Bhopal Manor","null"," ","582","10672"," ","2021-03-06 15:51:54"
"17","270 Amroha Parkway","null"," ","384","29610"," ","2021-03-06 15:51:54"
"18","770 Bydgoszcz Avenue","null"," ","120","16266"," ","2021-03-06 15:51:54"
"19","419 Iligan Lane","null"," ","76","72878"," ","2021-03-06 15:51:54"
"20","360 Toulouse Parkway","null"," ","495","54308"," ","2021-03-06 15:51:54"
"21","270 Toulon Boulevard","null"," ","156","81766"," ","2021-03-06 15:51:54"
"22","320 Brest Avenue","null"," ","252","43331"," ","2021-03-06 15:51:54"
"23","1417 Lancaster Avenue","null"," ","267","72192"," ","2021-03-06 15:51:54"
"24","1688 Okara Way","null"," ","327","21954"," ","2021-03-06 15:51:54"
"25","262 A Corua (La Corua) Parkway","null"," ","525","34418"," ","2021-03-06 15:51:54"
"26","28 Charlotte Amalie Street","null"," ","443","37551"," ","2021-03-06 15:51:54"
"27","1780 Hino Boulevard","null"," ","303","7716"," ","2021-03-06 15:51:54"
"28","96 Tafuna Way","null"," ","128","99865"," ","2021-03-06 15:51:54"
"29","934 San Felipe de Puerto Plata Street","null"," ","472","99780"," ","2021-03-06 15:51:54"
"30","18 Duisburg Boulevard","null"," ","121","58327"," ","2021-03-06 15:51:54"
"31","217 Botshabelo Place","null"," ","138","49521"," ","2021-03-06 15:51:54"
"32","1425 Shikarpur Manor","null"," ","346","65599"," ","2021-03-06 15:51:54"
"33","786 Aurora Avenue","null"," ","474","65750"," ","2021-03-06 15:51:54"
"34","1668 Anpolis Street","null"," ","316","50199"," ","2021-03-06 15:51:54"
"35","33 Gorontalo Way","null"," ","257","30348"," ","2021-03-06 15:51:54"
"36","176 Mandaluyong Place","null"," ","239","65213"," ","2021-03-06 15:51:54"
"37","127 Purnea (Purnia) Manor","null"," ","17","79388"," ","2021-03-06 15:51:54"
"38","61 Tama Street","null"," ","284","94065"," ","2021-03-06 15:51:54"
"39","391 Callao Drive","null"," ","544","34021"," ","2021-03-06 15:51:54"
"40","334 Munger (Monghyr) Lane","null"," ","31","38145"," ","2021-03-06 15:51:54"
"41","1440 Fukuyama Loop","null"," ","362","47929"," ","2021-03-06 15:51:54"
"42","269 Cam Ranh Parkway","null"," ","115","34689"," ","2021-03-06 15:51:54"
"43","306 Antofagasta Place","null"," ","569","3989"," ","2021-03-06 15:51:54"
"44","671 Graz Street","null"," ","353","94399"," ","2021-03-06 15:51:54"
"45","42 Brindisi Place","null"," ","586","16744"," ","2021-03-06 15:51:54"
"46","1632 Bislig Avenue","null"," ","394","61117"," ","2021-03-06 15:51:54"
"47","1447 Imus Way","null"," ","167","48942"," ","2021-03-06 15:51:54"
"48","1998 Halifax Drive","null"," ","308","76022"," ","2021-03-06 15:51:54"
"49","1718 Valencia Street","null"," ","27","37359"," ","2021-03-06 15:51:54"
"50","46 Pjatigorsk Lane","null"," ","343","23616"," ","2021-03-06 15:51:54"
"51","686 Garland Manor","null"," ","247","52535"," ","2021-03-06 15:51:54"
"52","909 Garland Manor","null"," ","367","69367"," ","2021-03-06 15:51:54"
"53","725 Isesaki Place","null"," ","237","74428"," ","2021-03-06 15:51:54"
"54","115 Hidalgo Parkway","null"," ","379","80168"," ","2021-03-06 15:51:54"
"55","1135 Izumisano Parkway","null"," ","171","48150"," ","2021-03-06 15:51:54"
"56","939 Probolinggo Loop","null"," ","1","4166"," ","2021-03-06 15:51:54"
"57","17 Kabul Boulevard","null"," ","355","38594"," ","2021-03-06 15:51:54"
"58","1964 Allappuzha (Alleppey) Street","null"," ","227","48980"," ","2021-03-06 15:51:54"
"59","1697 Kowloon and New Kowloon Loop","null"," ","49","57807"," ","2021-03-06 15:51:54"
"60","1668 Saint Louis Place","null"," ","397","39072"," ","2021-03-06 15:51:54"
"61","943 Tokat Street","null"," ","560","45428"," ","2021-03-06 15:51:54"
"62","1114 Liepaja Street","null"," ","282","69226"," ","2021-03-06 15:51:54"
"63","1213 Ranchi Parkway","null"," ","350","94352"," ","2021-03-06 15:51:54"
"64","81 Hodeida Way","null"," ","231","55561"," ","2021-03-06 15:51:54"
"65","915 Ponce Place","null"," ","56","83980"," ","2021-03-06 15:51:54"
"66","1717 Guadalajara Lane","null"," ","441","85505"," ","2021-03-06 15:51:54"
"67","1214 Hanoi Way","null"," ","306","67055"," ","2021-03-06 15:51:54"
"68","1966 Amroha Avenue","null"," ","139","70385"," ","2021-03-06 15:51:54"
"69","698 Otsu Street","null"," ","105","71110"," ","2021-03-06 15:51:54"
"70","1150 Kimchon Manor","null"," ","321","96109"," ","2021-03-06 15:51:54"
"71","1586 Guaruj Place","null"," ","579","5135"," ","2021-03-06 15:51:54"
"72","57 Arlington Manor","null"," ","475","48960"," ","2021-03-06 15:51:54"
"73","1031 Daugavpils Parkway","null"," ","63","59025"," ","2021-03-06 15:51:55"
"74","1124 Buenaventura Drive","null"," ","13","6856"," ","2021-03-06 15:51:55"
"75","492 Cam Ranh Street","null"," ","61","50805"," ","2021-03-06 15:51:55"
"76","89 Allappuzha (Alleppey) Manor","null"," ","517","75444"," ","2021-03-06 15:51:55"
"77","1947 Poos de Caldas Boulevard","null"," ","114","60951"," ","2021-03-06 15:51:55"
"78","1206 Dos Quebradas Place","null"," ","431","20207"," ","2021-03-06 15:51:55"
"79","1551 Rampur Lane","null"," ","108","72394"," ","2021-03-06 15:51:55"
"80","602 Paarl Street","null"," ","402","98889"," ","2021-03-06 15:51:55"
"81","1692 Ede Loop","null"," ","30","9223"," ","2021-03-06 15:51:55"
"82","936 Salzburg Lane","null"," ","425","96709"," ","2021-03-06 15:51:55"
"83","586 Tete Way","null"," ","256","1079"," ","2021-03-06 15:51:55"
"84","1888 Kabul Drive","null"," ","217","20936"," ","2021-03-06 15:51:55"
"85","320 Baiyin Parkway","null"," ","319","37307"," ","2021-03-06 15:51:55"
"86","927 Baha Blanca Parkway","null"," ","479","9495"," ","2021-03-06 15:51:55"
"87","929 Tallahassee Loop","null"," ","497","74671"," ","2021-03-06 15:51:55"
"88","125 Citt del Vaticano Boulevard","null"," ","40","67912"," ","2021-03-06 15:51:55"
"89","1557 Ktahya Boulevard","null"," ","88","88002"," ","2021-03-06 15:51:55"
"90","870 Ashqelon Loop","null"," ","489","84931"," ","2021-03-06 15:51:55"
"91","1740 Portoviejo Avenue","null"," ","480","29932"," ","2021-03-06 15:51:55"
"92","1942 Ciparay Parkway","null"," ","113","82624"," ","2021-03-06 15:51:55"
"93","1926 El Alto Avenue","null"," ","289","75543"," ","2021-03-06 15:51:55"
"94","1952 Chatsworth Drive","null"," ","332","25958"," ","2021-03-06 15:51:55"
"95","1370 Le Mans Avenue","null"," ","53","52163"," ","2021-03-06 15:51:55"
"96","984 Effon-Alaiye Avenue","null"," ","183","17119"," ","2021-03-06 15:51:55"
"97","832 Nakhon Sawan Manor","null"," ","592","49021"," ","2021-03-06 15:51:55"
"98","152 Kitwe Parkway","null"," ","82","53182"," ","2021-03-06 15:51:55"
"99","1697 Tanauan Lane","null"," ","399","22870"," ","2021-03-06 15:51:55"
"100","1308 Arecibo Way","null"," ","41","30695"," ","2021-03-06 15:51:55"
"101","1599 Plock Drive","null"," ","534","71986"," ","2021-03-06 15:51:55"
"102","669 Firozabad Loop","null"," ","12","92265"," ","2021-03-06 15:51:55"
"103","588 Vila Velha Manor","null"," ","268","51540"," ","2021-03-06 15:51:55"
"104","1913 Kamakura Place","null"," ","238","97287"," ","2021-03-06 15:51:55"
"105","733 Mandaluyong Place","null"," ","2","77459"," ","2021-03-06 15:51:55"
"106","659 Vaduz Drive","null"," ","34","49708"," ","2021-03-06 15:51:55"
"107","1177 Jelets Way","null"," ","220","3305"," ","2021-03-06 15:51:55"
"108","1386 Yangor Avenue","null"," ","543","80720"," ","2021-03-06 15:51:55"
"109","454 Nakhon Sawan Boulevard","null"," ","173","76383"," ","2021-03-06 15:51:55"
"110","1867 San Juan Bautista Tuxtepec Avenue","null"," ","225","78311"," ","2021-03-06 15:51:55"
"111","1532 Dzerzinsk Way","null"," ","334","9599"," ","2021-03-06 15:51:55"
"112","1002 Ahmadnagar Manor","null"," ","213","93026"," ","2021-03-06 15:51:55"
"113","682 Junan Way","null"," ","273","30418"," ","2021-03-06 15:51:55"
"114","804 Elista Drive","null"," ","159","61069"," ","2021-03-06 15:51:55"
"115","1378 Alvorada Avenue","null"," ","102","75834"," ","2021-03-06 15:51:55"
"116","793 Cam Ranh Avenue","null"," ","292","87057"," ","2021-03-06 15:51:55"
"117","1079 Tel Aviv-Jaffa Boulevard","null"," ","132","10885"," ","2021-03-06 15:51:55"
"118","442 Rae Bareli Place","null"," ","148","24321"," ","2021-03-06 15:51:55"
"119","1107 Nakhon Sawan Avenue","null"," ","365","75149"," ","2021-03-06 15:51:55"
"120","544 Malm Parkway","null"," ","403","63502"," ","2021-03-06 15:51:55"
"121","1967 Sincelejo Place","null"," ","176","73644"," ","2021-03-06 15:51:55"
"122","333 Goinia Way","null"," ","185","78625"," ","2021-03-06 15:51:55"
"123","1987 Coacalco de Berriozbal Loop","null"," ","476","96065"," ","2021-03-06 15:51:55"
"124","241 Mosul Lane","null"," ","147","76157"," ","2021-03-06 15:51:55"
"125","211 Chiayi Drive","null"," ","164","58186"," ","2021-03-06 15:51:55"
"126","1175 Tanauan Way","null"," ","305","64615"," ","2021-03-06 15:51:55"
"127","117 Boa Vista Way","null"," ","566","6804"," ","2021-03-06 15:51:55"
"128","848 Tafuna Manor","null"," ","281","45142"," ","2021-03-06 15:51:55"
"129","569 Baicheng Lane","null"," ","85","60304"," ","2021-03-06 15:51:55"
"130","1666 Qomsheh Drive","null"," ","410","66255"," ","2021-03-06 15:51:55"
"131","801 Hagonoy Drive","null"," ","484","8439"," ","2021-03-06 15:51:55"
"132","1050 Garden Grove Avenue","null"," ","236","4999"," ","2021-03-06 15:51:55"
"133","1854 Tieli Street","null"," ","302","15819"," ","2021-03-06 15:51:55"
"134","758 Junan Lane","null"," ","190","82639"," ","2021-03-06 15:51:55"
"135","1752 So Leopoldo Parkway","null"," ","345","14014"," ","2021-03-06 15:51:55"
"136","898 Belm Manor","null"," ","87","49757"," ","2021-03-06 15:51:55"
"137","261 Saint Louis Way","null"," ","541","83401"," ","2021-03-06 15:51:55"
"138","765 Southampton Drive","null"," ","421","4285"," ","2021-03-06 15:51:55"
"139","943 Johannesburg Avenue","null"," ","417","5892"," ","2021-03-06 15:51:55"
"140","788 Atinsk Street","null"," ","211","81691"," ","2021-03-06 15:51:55"
"141","1749 Daxian Place","null"," ","29","11044"," ","2021-03-06 15:51:55"
"142","1587 Sullana Lane","null"," ","207","85769"," ","2021-03-06 15:51:55"
"143","1029 Dzerzinsk Manor","null"," ","542","57519"," ","2021-03-06 15:51:55"
"144","1666 Beni-Mellal Place","null"," ","123","13377"," ","2021-03-06 15:51:55"
"145","928 Jaffna Loop","null"," ","172","93762"," ","2021-03-06 15:51:55"
"146","483 Ljubertsy Parkway","null"," ","149","60562"," ","2021-03-06 15:51:55"
"147","374 Bat Yam Boulevard","null"," ","266","97700"," ","2021-03-06 15:51:55"
"148","1027 Songkhla Manor","null"," ","340","30861"," ","2021-03-06 15:51:55"
"149","999 Sanaa Loop","null"," ","491","3439"," ","2021-03-06 15:51:55"
"150","879 Newcastle Way","null"," ","499","90732"," ","2021-03-06 15:51:55"
"151","1337 Lincoln Parkway","null"," ","555","99457"," ","2021-03-06 15:51:55"
"152","1952 Pune Lane","null"," ","442","92150"," ","2021-03-06 15:51:55"
"153","782 Mosul Street","null"," ","94","25545"," ","2021-03-06 15:51:55"
"154","781 Shimonoseki Drive","null"," ","202","95444"," ","2021-03-06 15:51:55"
"155","1560 Jelets Boulevard","null"," ","291","77777"," ","2021-03-06 15:51:55"
"156","1963 Moscow Place","null"," ","354","64863"," ","2021-03-06 15:51:55"
"157","456 Escobar Way","null"," ","232","36061"," ","2021-03-06 15:51:55"
"158","798 Cianjur Avenue","null"," ","590","76990"," ","2021-03-06 15:51:55"
"159","185 Novi Sad Place","null"," ","72","41778"," ","2021-03-06 15:51:55"
"160","1367 Yantai Manor","null"," ","381","21294"," ","2021-03-06 15:51:55"
"161","1386 Nakhon Sawan Boulevard","null"," ","420","53502"," ","2021-03-06 15:51:55"
"162","369 Papeete Way","null"," ","187","66639"," ","2021-03-06 15:51:55"
"163","1440 Compton Place","null"," ","307","81037"," ","2021-03-06 15:51:55"
"164","1623 Baha Blanca Manor","null"," ","310","81511"," ","2021-03-06 15:51:55"
"165","97 Shimoga Avenue","null"," ","533","44660"," ","2021-03-06 15:51:55"
"166","1740 Le Mans Loop","null"," ","297","22853"," ","2021-03-06 15:51:55"
"167","1287 Xiangfan Boulevard","null"," ","253","57844"," ","2021-03-06 15:51:55"
"168","842 Salzburg Lane","null"," ","529","3313"," ","2021-03-06 15:51:55"
"169","154 Tallahassee Loop","null"," ","199","62250"," ","2021-03-06 15:51:55"
"170","710 San Felipe del Progreso Avenue","null"," ","304","76901"," ","2021-03-06 15:51:55"
"171","1540 Wroclaw Drive","null"," ","107","62686"," ","2021-03-06 15:51:55"
"172","475 Atinsk Way","null"," ","240","59571"," ","2021-03-06 15:51:55"
"173","1294 Firozabad Drive","null"," ","407","70618"," ","2021-03-06 15:51:55"
"174","1877 Ezhou Lane","null"," ","550","63337"," ","2021-03-06 15:51:55"
"175","316 Uruapan Street","null"," ","223","58194"," ","2021-03-06 15:51:55"
"176","29 Pyongyang Loop","null"," ","58","47753"," ","2021-03-06 15:51:55"
"177","1010 Klerksdorp Way","null"," ","186","6802"," ","2021-03-06 15:51:55"
"178","1848 Salala Boulevard","null"," ","373","25220"," ","2021-03-06 15:51:55"
"179","431 Xiangtan Avenue","null"," ","18","4854"," ","2021-03-06 15:51:55"
"180","757 Rustenburg Avenue","null"," ","483","89668"," ","2021-03-06 15:51:55"
"181","146 Johannesburg Way","null"," ","330","54132"," ","2021-03-06 15:51:55"
"182","1891 Rizhao Boulevard","null"," ","456","47288"," ","2021-03-06 15:51:55"
"183","1089 Iwatsuki Avenue","null"," ","270","35109"," ","2021-03-06 15:51:55"
"184","1410 Benin City Parkway","null"," ","405","29747"," ","2021-03-06 15:51:55"
"185","682 Garden Grove Place","null"," ","333","67497"," ","2021-03-06 15:51:55"
"186","533 al-Ayn Boulevard","null"," ","126","8862"," ","2021-03-06 15:51:55"
"187","1839 Szkesfehrvr Parkway","null"," ","317","55709"," ","2021-03-06 15:51:55"
"188","741 Ambattur Manor","null"," ","438","43310"," ","2021-03-06 15:51:55"
"189","927 Barcelona Street","null"," ","467","65121"," ","2021-03-06 15:51:55"
"190","435 0 Way","null"," ","195","74750"," ","2021-03-06 15:51:55"
"191","140 Chiayi Parkway","null"," ","506","38982"," ","2021-03-06 15:51:55"
"192","1166 Changhwa Street","null"," ","62","58852"," ","2021-03-06 15:51:55"
"193","891 Novi Sad Manor","null"," ","383","5379"," ","2021-03-06 15:51:55"
"194","605 Rio Claro Parkway","null"," ","513","49348"," ","2021-03-06 15:51:55"
"195","1077 San Felipe de Puerto Plata Place","null"," ","369","65387"," ","2021-03-06 15:51:55"
"196","9 San Miguel de Tucumn Manor","null"," ","169","90845"," ","2021-03-06 15:51:55"
"197","447 Surakarta Loop","null"," ","271","10428"," ","2021-03-06 15:51:55"
"198","345 Oshawa Boulevard","null"," ","204","32114"," ","2021-03-06 15:51:55"
"199","1792 Valle de la Pascua Place","null"," ","477","15540"," ","2021-03-06 15:51:55"
"200","1074 Binzhou Manor","null"," ","325","36490"," ","2021-03-06 15:51:55"
"201","817 Bradford Loop","null"," ","109","89459"," ","2021-03-06 15:51:55"
"202","955 Bamenda Way","null"," ","218","1545"," ","2021-03-06 15:51:55"
"203","1149 A Corua (La Corua) Boulevard","null"," ","194","95824"," ","2021-03-06 15:51:55"
"204","387 Mwene-Ditu Drive","null"," ","35","8073"," ","2021-03-06 15:51:56"
"205","68 Molodetno Manor","null"," ","575","4662"," ","2021-03-06 15:51:56"
"206","642 Nador Drive","null"," ","77","3924"," ","2021-03-06 15:51:56"
"207","1688 Nador Lane","null"," ","184","61613"," ","2021-03-06 15:51:56"
"208","1215 Pyongyang Parkway","null"," ","557","25238"," ","2021-03-06 15:51:56"
"209","1679 Antofagasta Street","null"," ","122","86599"," ","2021-03-06 15:51:56"
"210","1304 s-Hertogenbosch Way","null"," ","83","10925"," ","2021-03-06 15:51:56"
"211","850 Salala Loop","null"," ","371","10800"," ","2021-03-06 15:51:56"
"212","624 Oshawa Boulevard","null"," ","51","89959"," ","2021-03-06 15:51:56"
"213","43 Dadu Avenue","null"," ","74","4855"," ","2021-03-06 15:51:56"
"214","751 Lima Loop","null"," ","7","99405"," ","2021-03-06 15:51:56"
"215","1333 Haldia Street","null"," ","174","82161"," ","2021-03-06 15:51:56"
"216","660 Jedda Boulevard","null"," ","65","25053"," ","2021-03-06 15:51:56"
"217","1001 Miyakonojo Lane","null"," ","518","67924"," ","2021-03-06 15:51:56"
"218","226 Brest Manor","null"," ","508","2299"," ","2021-03-06 15:51:56"
"219","1229 Valencia Parkway","null"," ","498","99124"," ","2021-03-06 15:51:56"
"220","1201 Qomsheh Manor","null"," ","28","21464"," ","2021-03-06 15:51:56"
"221","866 Shivapuri Manor","null"," ","448","22474"," ","2021-03-06 15:51:56"
"222","1168 Najafabad Parkway","null"," ","251","40301"," ","2021-03-06 15:51:56"
"223","1244 Allappuzha (Alleppey) Place","null"," ","567","20657"," ","2021-03-06 15:51:56"
"224","1842 Luzinia Boulevard","null"," ","593","94420"," ","2021-03-06 15:51:56"
"225","1926 Gingoog Street","null"," ","511","22824"," ","2021-03-06 15:51:56"
"226","810 Palghat (Palakkad) Boulevard","null"," ","235","73431"," ","2021-03-06 15:51:56"
"227","1820 Maring Parkway","null"," ","324","88307"," ","2021-03-06 15:51:56"
"228","60 Poos de Caldas Street","null"," ","243","82338"," ","2021-03-06 15:51:56"
"229","1014 Loja Manor","null"," ","22","66851"," ","2021-03-06 15:51:56"
"230","201 Effon-Alaiye Way","null"," ","37","64344"," ","2021-03-06 15:51:56"
"231","430 Alessandria Loop","null"," ","439","47446"," ","2021-03-06 15:51:56"
"232","754 Valencia Place","null"," ","406","87911"," ","2021-03-06 15:51:56"
"233","356 Olomouc Manor","null"," ","26","93323"," ","2021-03-06 15:51:56"
"234","1256 Bislig Boulevard","null"," ","86","50598"," ","2021-03-06 15:51:56"
"235","954 Kimchon Place","null"," ","559","42420"," ","2021-03-06 15:51:56"
"236","885 Yingkou Manor","null"," ","596","31390"," ","2021-03-06 15:51:56"
"237","1736 Cavite Place","null"," ","216","98775"," ","2021-03-06 15:51:56"
"238","346 Skikda Parkway","null"," ","233","90628"," ","2021-03-06 15:51:56"
"239","98 Stara Zagora Boulevard","null"," ","96","76448"," ","2021-03-06 15:51:56"
"240","1479 Rustenburg Boulevard","null"," ","527","18727"," ","2021-03-06 15:51:56"
"241","647 A Corua (La Corua) Street","null"," ","357","36971"," ","2021-03-06 15:51:56"
"242","1964 Gijn Manor","null"," ","473","14408"," ","2021-03-06 15:51:56"
"243","47 Syktyvkar Lane","null"," ","118","22236"," ","2021-03-06 15:51:56"
"244","1148 Saarbrcken Parkway","null"," ","226","1921"," ","2021-03-06 15:51:56"
"245","1103 Bilbays Parkway","null"," ","578","87660"," ","2021-03-06 15:51:56"
"246","1246 Boksburg Parkway","null"," ","422","28349"," ","2021-03-06 15:51:56"
"247","1483 Pathankot Street","null"," ","454","37288"," ","2021-03-06 15:51:56"
"248","582 Papeete Loop","null"," ","294","27722"," ","2021-03-06 15:51:56"
"249","300 Junan Street","null"," ","553","81314"," ","2021-03-06 15:51:56"
"250","829 Grand Prairie Way","null"," ","328","6461"," ","2021-03-06 15:51:56"
"251","1473 Changhwa Parkway","null"," ","124","75933"," ","2021-03-06 15:51:56"
"252","1309 Weifang Street","null"," ","520","57338"," ","2021-03-06 15:51:56"
"253","1760 Oshawa Manor","null"," ","535","38140"," ","2021-03-06 15:51:56"
"254","786 Stara Zagora Way","null"," ","390","98332"," ","2021-03-06 15:51:56"
"255","1966 Tonghae Street","null"," ","198","36481"," ","2021-03-06 15:51:56"
"256","1497 Yuzhou Drive","null"," ","312","3433"," ","2021-03-06 15:51:56"
"258","752 Ondo Loop","null"," ","338","32474"," ","2021-03-06 15:51:56"
"259","1338 Zalantun Lane","null"," ","413","45403"," ","2021-03-06 15:51:56"
"260","127 Iwakuni Boulevard","null"," ","192","20777"," ","2021-03-06 15:51:56"
"261","51 Laredo Avenue","null"," ","342","68146"," ","2021-03-06 15:51:56"
"262","771 Yaound Manor","null"," ","64","86768"," ","2021-03-06 15:51:56"
"263","532 Toulon Street","null"," ","460","69517"," ","2021-03-06 15:51:56"
"264","1027 Banjul Place","null"," ","197","50390"," ","2021-03-06 15:51:56"
"265","1158 Mandi Bahauddin Parkway","null"," ","136","98484"," ","2021-03-06 15:51:56"
"266","862 Xintai Lane","null"," ","548","30065"," ","2021-03-06 15:51:56"
"267","816 Cayenne Parkway","null"," ","414","93629"," ","2021-03-06 15:51:56"
"268","1831 Nam Dinh Loop","null"," ","323","51990"," ","2021-03-06 15:51:56"
"269","446 Kirovo-Tepetsk Lane","null"," ","203","19428"," ","2021-03-06 15:51:56"
"270","682 Halisahar Place","null"," ","378","20536"," ","2021-03-06 15:51:56"
"271","1587 Loja Manor","null"," ","447","5410"," ","2021-03-06 15:51:56"
"272","1762 Paarl Parkway","null"," ","298","53928"," ","2021-03-06 15:51:56"
"273","1519 Ilorin Place","null"," ","395","49298"," ","2021-03-06 15:51:56"
"274","920 Kumbakonam Loop","null"," ","446","75090"," ","2021-03-06 15:51:56"
"275","906 Goinia Way","null"," ","255","83565"," ","2021-03-06 15:51:56"
"276","1675 Xiangfan Manor","null"," ","283","11763"," ","2021-03-06 15:51:56"
"277","85 San Felipe de Puerto Plata Drive","null"," ","584","46063"," ","2021-03-06 15:51:56"
"278","144 South Hill Loop","null"," ","445","2012"," ","2021-03-06 15:51:56"
"279","1884 Shikarpur Avenue","null"," ","263","85548"," ","2021-03-06 15:51:56"
"280","1980 Kamjanets-Podilskyi Street","null"," ","404","89502"," ","2021-03-06 15:51:56"
"281","1944 Bamenda Way","null"," ","573","24645"," ","2021-03-06 15:51:56"
"282","556 Baybay Manor","null"," ","374","55802"," ","2021-03-06 15:51:56"
"283","457 Tongliao Loop","null"," ","222","56254"," ","2021-03-06 15:51:56"
"284","600 Bradford Street","null"," ","514","96204"," ","2021-03-06 15:51:56"
"285","1006 Santa Brbara dOeste Manor","null"," ","389","36229"," ","2021-03-06 15:51:56"
"286","1308 Sumy Loop","null"," ","175","30657"," ","2021-03-06 15:51:56"
"287","1405 Chisinau Place","null"," ","411","8160"," ","2021-03-06 15:51:56"
"288","226 Halifax Street","null"," ","277","58492"," ","2021-03-06 15:51:56"
"289","1279 Udine Parkway","null"," ","69","75860"," ","2021-03-06 15:51:56"
"290","1336 Benin City Drive","null"," ","386","46044"," ","2021-03-06 15:51:56"
"291","1155 Liaocheng Place","null"," ","152","22650"," ","2021-03-06 15:51:56"
"292","1993 Tabuk Lane","null"," ","522","64221"," ","2021-03-06 15:51:56"
"293","86 Higashiosaka Lane","null"," ","563","33768"," ","2021-03-06 15:51:56"
"294","1912 Allende Manor","null"," ","279","58124"," ","2021-03-06 15:51:56"
"295","544 Tarsus Boulevard","null"," ","562","53145"," ","2021-03-06 15:51:56"
"296","1936 Cuman Avenue","null"," ","433","61195"," ","2021-03-06 15:51:56"
"297","1192 Tongliao Street","null"," ","470","19065"," ","2021-03-06 15:51:56"
"298","44 Najafabad Way","null"," ","146","61391"," ","2021-03-06 15:51:56"
"299","32 Pudukkottai Lane","null"," ","140","38834"," ","2021-03-06 15:51:56"
"300","661 Chisinau Lane","null"," ","274","8856"," ","2021-03-06 15:51:56"
"301","951 Stara Zagora Manor","null"," ","400","98573"," ","2021-03-06 15:51:56"
"302","922 Vila Velha Loop","null"," ","9","4085"," ","2021-03-06 15:51:56"
"303","898 Jining Lane","null"," ","387","40070"," ","2021-03-06 15:51:56"
"304","1635 Kuwana Boulevard","null"," ","205","52137"," ","2021-03-06 15:51:56"
"305","41 El Alto Parkway","null"," ","398","56883"," ","2021-03-06 15:51:56"
"306","1883 Maikop Lane","null"," ","254","68469"," ","2021-03-06 15:51:56"
"307","1908 Gaziantep Place","null"," ","536","58979"," ","2021-03-06 15:51:56"
"308","687 Alessandria Parkway","null"," ","455","57587"," ","2021-03-06 15:51:56"
"309","827 Yuncheng Drive","null"," ","99","79047"," ","2021-03-06 15:51:56"
"310","913 Coacalco de Berriozbal Loop","null"," ","33","42141"," ","2021-03-06 15:51:56"
"311","715 So Bernardo do Campo Lane","null"," ","507","84804"," ","2021-03-06 15:51:56"
"312","1354 Siegen Street","null"," ","25","80184"," ","2021-03-06 15:51:56"
"313","1191 Sungai Petani Boulevard","null"," ","262","9668"," ","2021-03-06 15:51:56"
"314","1224 Huejutla de Reyes Boulevard","null"," ","91","70923"," ","2021-03-06 15:51:56"
"315","543 Bergamo Avenue","null"," ","215","59686"," ","2021-03-06 15:51:56"
"316","746 Joliet Lane","null"," ","286","94878"," ","2021-03-06 15:51:56"
"317","780 Kimberley Way","null"," ","515","17032"," ","2021-03-06 15:51:56"
"318","1774 Yaound Place","null"," ","166","91400"," ","2021-03-06 15:51:56"
"319","1957 Yantai Lane","null"," ","490","59255"," ","2021-03-06 15:51:56"
"320","1542 Lubumbashi Boulevard","null"," ","57","62472"," ","2021-03-06 15:51:56"
"321","651 Pathankot Loop","null"," ","336","59811"," ","2021-03-06 15:51:56"
"322","1359 Zhoushan Parkway","null"," ","545","29763"," ","2021-03-06 15:51:56"
"323","1769 Iwaki Lane","null"," ","97","25787"," ","2021-03-06 15:51:56"
"324","1145 Vilnius Manor","null"," ","451","73170"," ","2021-03-06 15:51:56"
"325","1892 Nabereznyje Telny Lane","null"," ","516","28396"," ","2021-03-06 15:51:56"
"326","470 Boksburg Street","null"," ","81","97960"," ","2021-03-06 15:51:56"
"327","1427 A Corua (La Corua) Place","null"," ","45","85799"," ","2021-03-06 15:51:56"
"328","479 San Felipe del Progreso Avenue","null"," ","130","54949"," ","2021-03-06 15:51:56"
"329","867 Benin City Avenue","null"," ","591","78543"," ","2021-03-06 15:51:57"
"330","981 Kumbakonam Place","null"," ","89","87611"," ","2021-03-06 15:51:57"
"331","1016 Iwakuni Street","null"," ","269","49833"," ","2021-03-06 15:51:57"
"332","663 Baha Blanca Parkway","null"," ","5","33463"," ","2021-03-06 15:51:57"
"333","1860 Taguig Loop","null"," ","119","59550"," ","2021-03-06 15:51:57"
"334","1816 Bydgoszcz Loop","null"," ","234","64308"," ","2021-03-06 15:51:57"
"335","587 Benguela Manor","null"," ","42","91590"," ","2021-03-06 15:51:57"
"336","430 Kumbakonam Drive","null"," ","457","28814"," ","2021-03-06 15:51:57"
"337","1838 Tabriz Lane","null"," ","143","1195"," ","2021-03-06 15:51:57"
"338","431 Szkesfehrvr Avenue","null"," ","48","57828"," ","2021-03-06 15:51:57"
"339","503 Sogamoso Loop","null"," ","505","49812"," ","2021-03-06 15:51:57"
"340","507 Smolensk Loop","null"," ","492","22971"," ","2021-03-06 15:51:57"
"341","1920 Weifang Avenue","null"," ","427","15643"," ","2021-03-06 15:51:57"
"342","124 al-Manama Way","null"," ","382","52368"," ","2021-03-06 15:51:57"
"343","1443 Mardan Street","null"," ","392","31483"," ","2021-03-06 15:51:57"
"344","1909 Benguela Lane","null"," ","581","19913"," ","2021-03-06 15:51:57"
"345","68 Ponce Parkway","null"," ","201","85926"," ","2021-03-06 15:51:57"
"346","1217 Konotop Avenue","null"," ","151","504"," ","2021-03-06 15:51:57"
"347","1293 Nam Dinh Way","null"," ","84","71583"," ","2021-03-06 15:51:57"
"348","785 Vaduz Street","null"," ","335","36170"," ","2021-03-06 15:51:57"
"349","1516 Escobar Drive","null"," ","370","46069"," ","2021-03-06 15:51:57"
"350","1628 Nagareyama Lane","null"," ","453","60079"," ","2021-03-06 15:51:57"
"351","1157 Nyeri Loop","null"," ","320","56380"," ","2021-03-06 15:51:57"
"352","1673 Tangail Drive","null"," ","137","26857"," ","2021-03-06 15:51:57"
"353","381 Kabul Way","null"," ","209","87272"," ","2021-03-06 15:51:57"
"354","953 Hodeida Street","null"," ","221","18841"," ","2021-03-06 15:51:57"
"355","469 Nakhon Sawan Street","null"," ","531","58866"," ","2021-03-06 15:51:57"
"356","1378 Beira Loop","null"," ","597","40792"," ","2021-03-06 15:51:57"
"357","1641 Changhwa Place","null"," ","52","37636"," ","2021-03-06 15:51:57"
"358","1698 Southport Loop","null"," ","393","49009"," ","2021-03-06 15:51:57"
"359","519 Nyeri Manor","null"," ","461","37650"," ","2021-03-06 15:51:57"
"360","619 Hunuco Avenue","null"," ","331","81508"," ","2021-03-06 15:51:57"
"361","45 Aparecida de Goinia Place","null"," ","464","7431"," ","2021-03-06 15:51:57"
"362","482 Kowloon and New Kowloon Manor","null"," ","90","97056"," ","2021-03-06 15:51:57"
"363","604 Bern Place","null"," ","429","5373"," ","2021-03-06 15:51:57"
"364","1623 Kingstown Drive","null"," ","20","91299"," ","2021-03-06 15:51:57"
"365","1009 Zanzibar Lane","null"," ","32","64875"," ","2021-03-06 15:51:57"
"366","114 Jalib al-Shuyukh Manor","null"," ","585","60440"," ","2021-03-06 15:51:57"
"367","1163 London Parkway","null"," ","66","6066"," ","2021-03-06 15:51:57"
"368","1658 Jastrzebie-Zdrj Loop","null"," ","372","96584"," ","2021-03-06 15:51:57"
"369","817 Laredo Avenue","null"," ","188","77449"," ","2021-03-06 15:51:57"
"370","1565 Tangail Manor","null"," ","377","45750"," ","2021-03-06 15:51:57"
"371","1912 Emeishan Drive","null"," ","50","33050"," ","2021-03-06 15:51:57"
"372","230 Urawa Drive","null"," ","8","2738"," ","2021-03-06 15:51:57"
"373","1922 Miraj Way","null"," ","356","13203"," ","2021-03-06 15:51:57"
"374","433 Florencia Street","null"," ","250","91330"," ","2021-03-06 15:51:57"
"375","1049 Matamoros Parkway","null"," ","191","69640"," ","2021-03-06 15:51:57"
"376","1061 Ede Avenue","null"," ","98","57810"," ","2021-03-06 15:51:57"
"377","154 Oshawa Manor","null"," ","415","72771"," ","2021-03-06 15:51:57"
"378","1191 Tandil Drive","null"," ","523","6362"," ","2021-03-06 15:51:57"
"379","1133 Rizhao Avenue","null"," ","572","2800"," ","2021-03-06 15:51:57"
"380","1519 Santiago de los Caballeros Loop","null"," ","348","22025"," ","2021-03-06 15:51:57"
"381","1618 Olomouc Manor","null"," ","285","26385"," ","2021-03-06 15:51:57"
"382","220 Hidalgo Drive","null"," ","265","45298"," ","2021-03-06 15:51:57"
"383","686 Donostia-San Sebastin Lane","null"," ","471","97390"," ","2021-03-06 15:51:57"
"384","97 Mogiljov Lane","null"," ","73","89294"," ","2021-03-06 15:51:57"
"385","1642 Charlotte Amalie Drive","null"," ","549","75442"," ","2021-03-06 15:51:57"
"386","1368 Maracabo Boulevard","null"," ","493","32716"," ","2021-03-06 15:51:57"
"387","401 Sucre Boulevard","null"," ","322","25007"," ","2021-03-06 15:51:57"
"388","368 Hunuco Boulevard","null"," ","360","17165"," ","2021-03-06 15:51:57"
"389","500 Lincoln Parkway","null"," ","210","95509"," ","2021-03-06 15:51:57"
"390","102 Chapra Drive","null"," ","521","14073"," ","2021-03-06 15:51:57"
"391","1793 Meixian Place","null"," ","258","33535"," ","2021-03-06 15:51:57"
"392","514 Ife Way","null"," ","315","69973"," ","2021-03-06 15:51:57"
"393","717 Changzhou Lane","null"," ","104","21615"," ","2021-03-06 15:51:57"
"394","753 Ilorin Avenue","null"," ","157","3656"," ","2021-03-06 15:51:57"
"395","1337 Mit Ghamr Avenue","null"," ","358","29810"," ","2021-03-06 15:51:57"
"396","767 Pyongyang Drive","null"," ","229","83536"," ","2021-03-06 15:51:57"
"397","614 Pak Kret Street","null"," ","6","27796"," ","2021-03-06 15:51:57"
"398","954 Lapu-Lapu Way","null"," ","278","8816"," ","2021-03-06 15:51:57"
"399","331 Bydgoszcz Parkway","null"," ","181","966"," ","2021-03-06 15:51:57"
"400","1152 Citrus Heights Manor","null"," ","15","5239"," ","2021-03-06 15:51:57"
"401","168 Cianjur Manor","null"," ","228","73824"," ","2021-03-06 15:51:57"
"402","616 Hagonoy Avenue","null"," ","39","46043"," ","2021-03-06 15:51:57"
"403","1190 0 Place","null"," ","44","10417"," ","2021-03-06 15:51:57"
"404","734 Bchar Place","null"," ","375","30586"," ","2021-03-06 15:51:57"
"405","530 Lausanne Lane","null"," ","135","11067"," ","2021-03-06 15:51:57"
"406","454 Patiala Lane","null"," ","276","13496"," ","2021-03-06 15:51:57"
"407","1346 Mysore Drive","null"," ","92","61507"," ","2021-03-06 15:51:57"
"408","990 Etawah Loop","null"," ","564","79940"," ","2021-03-06 15:51:57"
"409","1266 Laredo Parkway","null"," ","380","7664"," ","2021-03-06 15:51:57"
"410","88 Nagaon Manor","null"," ","524","86868"," ","2021-03-06 15:51:57"
"411","264 Bhimavaram Manor","null"," ","111","54749"," ","2021-03-06 15:51:57"
"412","1639 Saarbrcken Drive","null"," ","437","9827"," ","2021-03-06 15:51:57"
"413","692 Amroha Drive","null"," ","230","35575"," ","2021-03-06 15:51:57"
"414","1936 Lapu-Lapu Parkway","null"," ","141","7122"," ","2021-03-06 15:51:57"
"415","432 Garden Grove Street","null"," ","430","65630"," ","2021-03-06 15:51:57"
"416","1445 Carmen Parkway","null"," ","117","70809"," ","2021-03-06 15:51:57"
"417","791 Salinas Street","null"," ","208","40509"," ","2021-03-06 15:51:57"
"418","126 Acua Parkway","null"," ","71","58888"," ","2021-03-06 15:51:57"
"419","397 Sunnyvale Avenue","null"," ","19","55566"," ","2021-03-06 15:51:57"
"420","992 Klerksdorp Loop","null"," ","23","33711"," ","2021-03-06 15:51:57"
"421","966 Arecibo Loop","null"," ","134","94018"," ","2021-03-06 15:51:57"
"422","289 Santo Andr Manor","null"," ","16","72410"," ","2021-03-06 15:51:57"
"423","437 Chungho Drive","null"," ","450","59489"," ","2021-03-06 15:51:57"
"424","1948 Bayugan Parkway","null"," ","264","60622"," ","2021-03-06 15:51:57"
"425","1866 al-Qatif Avenue","null"," ","155","89420"," ","2021-03-06 15:51:57"
"426","1661 Abha Drive","null"," ","416","14400"," ","2021-03-06 15:51:57"
"427","1557 Cape Coral Parkway","null"," ","293","46875"," ","2021-03-06 15:51:57"
"428","1727 Matamoros Place","null"," ","465","78813"," ","2021-03-06 15:51:57"
"429","1269 Botosani Manor","null"," ","468","47394"," ","2021-03-06 15:51:57"
"430","355 Vitria de Santo Anto Way","null"," ","452","81758"," ","2021-03-06 15:51:57"
"431","1596 Acua Parkway","null"," ","418","70425"," ","2021-03-06 15:51:57"
"432","259 Ipoh Drive","null"," ","189","64964"," ","2021-03-06 15:51:57"
"433","1823 Hoshiarpur Lane","null"," ","510","33191"," ","2021-03-06 15:51:57"
"434","1404 Taguig Drive","null"," ","547","87212"," ","2021-03-06 15:51:57"
"435","740 Udaipur Lane","null"," ","150","33505"," ","2021-03-06 15:51:57"
"436","287 Cuautla Boulevard","null"," ","501","72736"," ","2021-03-06 15:51:57"
"437","1766 Almirante Brown Street","null"," ","364","63104"," ","2021-03-06 15:51:57"
"438","596 Huixquilucan Place","null"," ","351","65892"," ","2021-03-06 15:51:57"
"439","1351 Aparecida de Goinia Parkway","null"," ","391","41775"," ","2021-03-06 15:51:57"
"440","722 Bradford Lane","null"," ","249","90920"," ","2021-03-06 15:51:57"
"441","983 Santa F Way","null"," ","565","47472"," ","2021-03-06 15:51:57"
"442","1245 Ibirit Way","null"," ","290","40926"," ","2021-03-06 15:51:57"
"443","1836 Korla Parkway","null"," ","272","55405"," ","2021-03-06 15:51:57"
"444","231 Kaliningrad Place","null"," ","70","57833"," ","2021-03-06 15:51:57"
"445","495 Bhimavaram Lane","null"," ","144","3"," ","2021-03-06 15:51:57"
"446","1924 Shimonoseki Drive","null"," ","59","52625"," ","2021-03-06 15:51:57"
"447","105 Dzerzinsk Manor","null"," ","540","48570"," ","2021-03-06 15:51:57"
"448","614 Denizli Parkway","null"," ","486","29444"," ","2021-03-06 15:51:57"
"449","1289 Belm Boulevard","null"," ","530","88306"," ","2021-03-06 15:51:57"
"450","203 Tambaram Street","null"," ","161","73942"," ","2021-03-06 15:51:57"
"451","1704 Tambaram Manor","null"," ","554","2834"," ","2021-03-06 15:51:57"
"452","207 Cuernavaca Loop","null"," ","352","52671"," ","2021-03-06 15:51:57"
"453","319 Springs Loop","null"," ","160","99552"," ","2021-03-06 15:51:57"
"454","956 Nam Dinh Manor","null"," ","481","21872"," ","2021-03-06 15:51:57"
"455","1947 Paarl Way","null"," ","509","23636"," ","2021-03-06 15:51:57"
"456","814 Simferopol Loop","null"," ","154","48745"," ","2021-03-06 15:51:57"
"457","535 Ahmadnagar Manor","null"," ","3","41136"," ","2021-03-06 15:51:58"
"458","138 Caracas Boulevard","null"," ","326","16790"," ","2021-03-06 15:51:58"
"459","251 Florencia Drive","null"," ","556","16119"," ","2021-03-06 15:51:58"
"460","659 Gatineau Boulevard","null"," ","153","28587"," ","2021-03-06 15:51:58"
"461","1889 Valparai Way","null"," ","600","75559"," ","2021-03-06 15:51:58"
"462","1485 Bratislava Place","null"," ","435","83183"," ","2021-03-06 15:51:58"
"463","935 Aden Boulevard","null"," ","532","64709"," ","2021-03-06 15:51:58"
"464","76 Kermanshah Manor","null"," ","423","23343"," ","2021-03-06 15:51:58"
"465","734 Tanshui Avenue","null"," ","170","70664"," ","2021-03-06 15:51:58"
"466","118 Jaffna Loop","null"," ","182","10447"," ","2021-03-06 15:51:58"
"467","1621 Tongliao Avenue","null"," ","558","22173"," ","2021-03-06 15:51:58"
"468","1844 Usak Avenue","null"," ","196","84461"," ","2021-03-06 15:51:58"
"469","1872 Toulon Loop","null"," ","428","7939"," ","2021-03-06 15:51:58"
"470","1088 Ibirit Place","null"," ","595","88502"," ","2021-03-06 15:51:58"
"471","1322 Mosul Parkway","null"," ","145","95400"," ","2021-03-06 15:51:58"
"472","1447 Chatsworth Place","null"," ","129","41545"," ","2021-03-06 15:51:58"
"473","1257 Guadalajara Street","null"," ","78","33599"," ","2021-03-06 15:51:58"
"474","1469 Plock Lane","null"," ","388","95835"," ","2021-03-06 15:51:58"
"475","434 Ourense (Orense) Manor","null"," ","206","14122"," ","2021-03-06 15:51:58"
"476","270 Tambaram Parkway","null"," ","244","9668"," ","2021-03-06 15:51:58"
"477","1786 Salinas Place","null"," ","359","66546"," ","2021-03-06 15:51:58"
"478","1078 Stara Zagora Drive","null"," ","301","69221"," ","2021-03-06 15:51:58"
"479","1854 Okara Boulevard","null"," ","158","42123"," ","2021-03-06 15:51:58"
"480","421 Yaound Street","null"," ","385","11363"," ","2021-03-06 15:51:58"
"481","1153 Allende Way","null"," ","179","20336"," ","2021-03-06 15:51:58"
"482","808 Naala-Porto Parkway","null"," ","500","41060"," ","2021-03-06 15:51:58"
"483","632 Usolje-Sibirskoje Parkway","null"," ","36","73085"," ","2021-03-06 15:51:58"
"484","98 Pyongyang Boulevard","null"," ","11","88749"," ","2021-03-06 15:51:58"
"485","984 Novoterkassk Loop","null"," ","180","28165"," ","2021-03-06 15:51:58"
"486","64 Korla Street","null"," ","347","25145"," ","2021-03-06 15:51:58"
"487","1785 So Bernardo do Campo Street","null"," ","125","71182"," ","2021-03-06 15:51:58"
"488","698 Jelets Boulevard","null"," ","142","2596"," ","2021-03-06 15:51:58"
"489","1297 Alvorada Parkway","null"," ","587","11839"," ","2021-03-06 15:51:58"
"490","1909 Dayton Avenue","null"," ","469","88513"," ","2021-03-06 15:51:58"
"491","1789 Saint-Denis Parkway","null"," ","4","8268"," ","2021-03-06 15:51:58"
"492","185 Mannheim Lane","null"," ","408","23661"," ","2021-03-06 15:51:58"
"493","184 Mandaluyong Street","null"," ","288","94239"," ","2021-03-06 15:51:58"
"494","591 Sungai Petani Drive","null"," ","376","46400"," ","2021-03-06 15:51:58"
"495","656 Matamoros Drive","null"," ","487","19489"," ","2021-03-06 15:51:58"
"496","775 ostka Drive","null"," ","337","22358"," ","2021-03-06 15:51:58"
"497","1013 Tabuk Boulevard","null"," ","261","96203"," ","2021-03-06 15:51:58"
"498","319 Plock Parkway","null"," ","504","26101"," ","2021-03-06 15:51:58"
"499","1954 Kowloon and New Kowloon Way","null"," ","434","63667"," ","2021-03-06 15:51:58"
"500","362 Rajkot Lane","null"," ","47","98030"," ","2021-03-06 15:51:58"
"501","1060 Tandil Lane","null"," ","432","72349"," ","2021-03-06 15:51:58"
"502","1515 Korla Way","null"," ","589","57197"," ","2021-03-06 15:51:58"
"503","1416 San Juan Bautista Tuxtepec Avenue","null"," ","444","50592"," ","2021-03-06 15:51:58"
"504","1 Valle de Santiago Avenue","null"," ","93","86208"," ","2021-03-06 15:51:58"
"505","519 Brescia Parkway","null"," ","318","69504"," ","2021-03-06 15:51:58"
"506","414 Mandaluyong Street","null"," ","314","16370"," ","2021-03-06 15:51:58"
"507","1197 Sokoto Boulevard","null"," ","478","87687"," ","2021-03-06 15:51:58"
"508","496 Celaya Drive","null"," ","552","90797"," ","2021-03-06 15:51:58"
"509","786 Matsue Way","null"," ","245","37469"," ","2021-03-06 15:51:58"
"510","48 Maracabo Place","null"," ","519","1570"," ","2021-03-06 15:51:58"
"511","1152 al-Qatif Lane","null"," ","412","44816"," ","2021-03-06 15:51:58"
"512","1269 Ipoh Avenue","null"," ","163","54674"," ","2021-03-06 15:51:58"
"513","758 Korolev Parkway","null"," ","568","75474"," ","2021-03-06 15:51:58"
"514","1747 Rustenburg Place","null"," ","110","51369"," ","2021-03-06 15:51:58"
"515","886 Tonghae Place","null"," ","259","19450"," ","2021-03-06 15:51:58"
"516","1574 Goinia Boulevard","null"," ","502","39529"," ","2021-03-06 15:51:58"
"517","548 Uruapan Street","null"," ","312","35653"," ","2021-03-06 15:51:58"
"519","962 Tama Loop","null"," ","583","65952"," ","2021-03-06 15:51:58"
"520","1778 Gijn Manor","null"," ","594","35156"," ","2021-03-06 15:51:58"
"521","568 Dhule (Dhulia) Loop","null"," ","127","92568"," ","2021-03-06 15:51:58"
"522","1768 Udine Loop","null"," ","60","32347"," ","2021-03-06 15:51:58"
"523","608 Birgunj Parkway","null"," ","116","400"," ","2021-03-06 15:51:58"
"524","680 A Corua (La Corua) Manor","null"," ","482","49806"," ","2021-03-06 15:51:58"
"525","1949 Sanya Street","null"," ","224","61244"," ","2021-03-06 15:51:58"
"526","617 Klerksdorp Place","null"," ","366","94707"," ","2021-03-06 15:51:58"
"527","1993 0 Loop","null"," ","588","41214"," ","2021-03-06 15:51:58"
"528","1176 Southend-on-Sea Manor","null"," ","458","81651"," ","2021-03-06 15:51:58"
"529","600 Purnea (Purnia) Avenue","null"," ","571","18043"," ","2021-03-06 15:51:58"
"530","1003 Qinhuangdao Street","null"," ","419","25972"," ","2021-03-06 15:51:58"
"531","1986 Sivas Place","null"," ","551","95775"," ","2021-03-06 15:51:58"
"532","1427 Tabuk Place","null"," ","101","31342"," ","2021-03-06 15:51:58"
"533","556 Asuncin Way","null"," ","339","35364"," ","2021-03-06 15:51:58"
"534","486 Ondo Parkway","null"," ","67","35202"," ","2021-03-06 15:51:58"
"535","635 Brest Manor","null"," ","75","40899"," ","2021-03-06 15:51:58"
"536","166 Jinchang Street","null"," ","165","86760"," ","2021-03-06 15:51:58"
"537","958 Sagamihara Lane","null"," ","287","88408"," ","2021-03-06 15:51:58"
"538","1817 Livorno Way","null"," ","100","79401"," ","2021-03-06 15:51:58"
"539","1332 Gaziantep Lane","null"," ","80","22813"," ","2021-03-06 15:51:58"
"540","949 Allende Lane","null"," ","24","67521"," ","2021-03-06 15:51:58"
"541","195 Ilorin Street","null"," ","363","49250"," ","2021-03-06 15:51:58"
"542","193 Bhusawal Place","null"," ","539","9750"," ","2021-03-06 15:51:58"
"543","43 Vilnius Manor","null"," ","42","79814"," ","2021-03-06 15:51:58"
"544","183 Haiphong Street","null"," ","46","69953"," ","2021-03-06 15:51:58"
"545","163 Augusta-Richmond County Loop","null"," ","561","33030"," ","2021-03-06 15:51:58"
"546","191 Jos Azueta Parkway","null"," ","436","13629"," ","2021-03-06 15:51:58"
"547","379 Lublin Parkway","null"," ","309","74568"," ","2021-03-06 15:51:58"
"548","1658 Cuman Loop","null"," ","396","51309"," ","2021-03-06 15:51:58"
"549","454 Qinhuangdao Drive","null"," ","68","25866"," ","2021-03-06 15:51:58"
"550","1715 Okayama Street","null"," ","485","55676"," ","2021-03-06 15:51:58"
"551","182 Nukualofa Drive","null"," ","275","15414"," ","2021-03-06 15:51:58"
"552","390 Wroclaw Way","null"," ","462","5753"," ","2021-03-06 15:51:58"
"553","1421 Quilmes Lane","null"," ","260","19151"," ","2021-03-06 15:51:58"
"554","947 Trshavn Place","null"," ","528","841"," ","2021-03-06 15:51:58"
"555","1764 Jalib al-Shuyukh Parkway","null"," ","459","77642"," ","2021-03-06 15:51:58"
"556","346 Cam Ranh Avenue","null"," ","599","39976"," ","2021-03-06 15:51:58"
"557","1407 Pachuca de Soto Place","null"," ","21","26284"," ","2021-03-06 15:51:58"
"558","904 Clarksville Drive","null"," ","193","52234"," ","2021-03-06 15:51:58"
"559","1917 Kumbakonam Parkway","null"," ","368","11892"," ","2021-03-06 15:51:58"
"560","1447 Imus Place","null"," ","426","12905"," ","2021-03-06 15:51:58"
"561","1497 Fengshan Drive","null"," ","112","63022"," ","2021-03-06 15:51:58"
"562","869 Shikarpur Way","null"," ","496","57380"," ","2021-03-06 15:51:58"
"563","1059 Yuncheng Avenue","null"," ","570","47498"," ","2021-03-06 15:51:58"
"564","505 Madiun Boulevard","null"," ","577","97271"," ","2021-03-06 15:51:58"
"565","1741 Hoshiarpur Boulevard","null"," ","79","22372"," ","2021-03-06 15:51:58"
"566","1229 Varanasi (Benares) Manor","null"," ","43","40195"," ","2021-03-06 15:51:58"
"567","1894 Boa Vista Way","null"," ","178","77464"," ","2021-03-06 15:51:58"
"568","1342 Sharja Way","null"," ","488","93655"," ","2021-03-06 15:51:58"
"569","1342 Abha Boulevard","null"," ","95","10714"," ","2021-03-06 15:51:58"
"570","415 Pune Avenue","null"," ","580","44274"," ","2021-03-06 15:51:58"
"571","1746 Faaa Way","null"," ","214","32515"," ","2021-03-06 15:51:58"
"572","539 Hami Way","null"," ","538","52196"," ","2021-03-06 15:51:58"
"573","1407 Surakarta Manor","null"," ","466","33224"," ","2021-03-06 15:51:58"
"574","502 Mandi Bahauddin Parkway","null"," ","55","15992"," ","2021-03-06 15:51:58"
"575","1052 Pathankot Avenue","null"," ","299","77397"," ","2021-03-06 15:51:58"
"576","1351 Sousse Lane","null"," ","341","37815"," ","2021-03-06 15:51:58"
"577","1501 Pangkal Pinang Avenue","null"," ","409","943"," ","2021-03-06 15:51:58"
"578","1405 Hagonoy Avenue","null"," ","133","86587"," ","2021-03-06 15:51:58"
"579","521 San Juan Bautista Tuxtepec Place","null"," ","598","95093"," ","2021-03-06 15:51:58"
"580","923 Tangail Boulevard","null"," ","10","33384"," ","2021-03-06 15:51:58"
"581","186 Skikda Lane","null"," ","131","89422"," ","2021-03-06 15:51:58"
"582","1568 Celaya Parkway","null"," ","168","34750"," ","2021-03-06 15:51:58"
"583","1489 Kakamigahara Lane","null"," ","526","98883"," ","2021-03-06 15:51:58"
"584","1819 Alessandria Loop","null"," ","103","53829"," ","2021-03-06 15:51:58"
"585","1208 Tama Loop","null"," ","344","73605"," ","2021-03-06 15:51:58"
"586","951 Springs Lane","null"," ","219","96115"," ","2021-03-06 15:51:58"
"587","760 Miyakonojo Drive","null"," ","246","64682"," ","2021-03-06 15:51:58"
"588","966 Asuncin Way","null"," ","212","62703"," ","2021-03-06 15:51:58"
"589","1584 Ljubertsy Lane","null"," ","494","22954"," ","2021-03-06 15:51:59"
"590","247 Jining Parkway","null"," ","54","53446"," ","2021-03-06 15:51:59"
"591","773 Dallas Manor","null"," ","424","12664"," ","2021-03-06 15:51:59"
"592","1923 Stara Zagora Lane","null"," ","546","95179"," ","2021-03-06 15:51:59"
"593","1402 Zanzibar Boulevard","null"," ","106","71102"," ","2021-03-06 15:51:59"
"594","1464 Kursk Parkway","null"," ","574","17381"," ","2021-03-06 15:51:59"
"595","1074 Sanaa Parkway","null"," ","311","22474"," ","2021-03-06 15:51:59"
"596","1759 Niznekamsk Avenue","null"," ","14","39414"," ","2021-03-06 15:51:59"
"597","32 Liaocheng Way","null"," ","248","1944"," ","2021-03-06 15:51:59"
"598","42 Fontana Avenue","null"," ","512","14684"," ","2021-03-06 15:51:59"
"599","1895 Zhezqazghan Drive","null"," ","177","36693"," ","2021-03-06 15:51:59"
"600","1837 Kaduna Parkway","null"," ","241","82580"," ","2021-03-06 15:51:59"
"601","844 Bucuresti Place","null"," ","242","36603"," ","2021-03-06 15:51:59"
"602","1101 Bucuresti Boulevard","null"," ","401","97661"," ","2021-03-06 15:51:59"
"603","1103 Quilmes Boulevard","null"," ","503","52137"," ","2021-03-06 15:51:59"
"604","1331 Usak Boulevard","null"," ","296","61960"," ","2021-03-06 15:51:59"
"605","1325 Fukuyama Street","null"," ","537","27107"," ","2021-03-06 15:51:59"
